dwt,9kn,10kn,11kn,12kn,13kn,14kn,15kn
80,2501.621139,3218.929898,4057.334189,5122.297825,6435.770378,8201.809181,10576.21134
120,3346.771076,4309.768452,5435.781216,6747.705991,8363.402951,10352.38653,12816.67503
160,3906.348875,5040.115895,6367.597891,7899.780544,9771.962995,12141.96378,15175.87673
320,5664.944194,7350.556614,9331.121899,11624.42352,14246.88731,17342.28622,21245.68691